<cfdi:Comprobante xmlns:cfdi="http://www.sat.gob.mx/cfd/3" xmlns:xsi="http://www.w3.org/2001/XMLSchema-instance" 
Certificado="{{Certificado}}" 
CondicionesDePago="{{CondicionesDePago}}" 
Fecha="{{Fecha}}" 
FormaPago="01"
LugarExpedicion="{{LugarExpedicion}}" 
MetodoPago="PUE" 
Moneda="MXN" 
NoCertificado="{{NoCertificado}}" 
Sello="{{Sello}}" 
SubTotal="1000.00" 
TipoDeComprobante="I" 
Total="1160.00" 
Version="3.3" 
xsi:schemaLocation="http://www.sat.gob.mx/cfd/3 http://www.sat.gob.mx/sitio_internet/cfd/3/cfdv33.xsd">
  <cfdi:Emisor Nombre="{{EmisorNombre}}" RegimenFiscal="{{EmisorRegimenFiscal}}" Rfc="{{EmisorRfc}}"/>
  <cfdi:Receptor Nombre="Pruebas" Rfc="MISC491214B86" UsoCFDI="G01"/>
  <cfdi:Conceptos>
    {{concepto}}
  </cfdi:Conceptos>
  <cfdi:Impuestos TotalImpuestosTrasladados="160.00">
    <cfdi:Traslados>
      <cfdi:Traslado Importe="160.00" Impuesto="002" TasaOCuota="0.160000" TipoFactor="Tasa"/>
    </cfdi:Traslados>
  </cfdi:Impuestos>
</cfdi:Comprobante>